Workbook

Sheet Model Comparison
A1: Monthly Unemployment Nowcasting: Model Comparison
A2: Common out-of-sample country-months. Lower values are better for all three error measures.
A4: RMSE and MAE evaluate the forecasted monthly change (percentage points). MAPE evaluates the reconstructed unemployment-rate level, avoiding division by zero when Δu = 0.
A6: Rank | B6: Model | C6: RMSE | D6: MAE | E6: MAPE | F6: N | G6: Evaluation basis
A7: =RANK(C7,$C$7:$C$10,1) | B7: Random walk | C7: =SQRT(AVERAGE('Predictions'!$J$5:$J$220)) | D7: =AVERAGE('Predictions'!$I$5:$I$220) | E7: =AVERAGE('Predictions'!$K$5:$K$220) | F7: =COUNT('Predictions'!$D$5:$D$220) | G7: Common sample
A8: =RANK(C8,$C$7:$C$10,1) | B8: LightGBM | C8: =SQRT(AVERAGE('Predictions'!$J$221:$J$436)) | D8: =AVERAGE('Predictions'!$I$221:$I$436) | E8: =AVERAGE('Predictions'!$K$221:$K$436) | F8: =COUNT('Predictions'!$D$221:$D$436) | G8: Common sample
A9: =RANK(C9,$C$7:$C$10,1) | B9: XGBoost | C9: =SQRT(AVERAGE('Predictions'!$J$437:$J$652)) | D9: =AVERAGE('Predictions'!$I$437:$I$652) | E9: =AVERAGE('Predictions'!$K$437:$K$652) | F9: =COUNT('Predictions'!$D$437:$D$652) | G9: Common sample
A10: =RANK(C10,$C$7:$C$10,1) | B10: AR(1) | C10: =SQRT(AVERAGE('Predictions'!$J$653:$J$868)) | D10: =AVERAGE('Predictions'!$I$653:$I$868) | E10: =AVERAGE('Predictions'!$K$653:$K$868) | F10: =COUNT('Predictions'!$D$653:$D$868) | G10: Common sample

Sheet Predictions
A1: Common-Sample Forecast Data
A2: Models forecast the monthly change in unemployment. Rate levels are reconstructed from the previous month's rate for a meaningful percentage error.
A4: Date | B4: Country | C4: Model | D4: Actual Δu | E4: Forecast Δu | F4: Unemployment rate t-1 | G4: Actual unemployment rate | H4: Forecast unemployment rate | I4: Absolute error | J4: Squared error | K4: Absolute % error (level)
A5: 45322 | B5: AU | C5: Random walk | D5: 0.105466 | E5: 0 | F5: 3.987057 | G5: =D5+F5 | H5: =E5+F5 | I5: =ABS(D5-E5) | J5: =(D5-E5)^2 | K5: =IF(ABS(G5)<=1E-8,"",ABS((G5-H5)/G5))
A6: 45322 | B6: CA | C6: Random walk | D6: -0.1 | E6: 0 | F6: 5.8 | G6: =D6+F6 | H6: =E6+F6 | I6: =ABS(D6-E6) | J6: =(D6-E6)^2 | K6: =IF(ABS(G6)<=1E-8,"",ABS((G6-H6)/G6))
A7: 45322 | B7: DE | C7: Random walk | D7: 0 | E7: 0 | F7: 3.2 | G7: =D7+F7 | H7: =E7+F7 | I7: =ABS(D7-E7) | J7: =(D7-E7)^2 | K7: =IF(ABS(G7)<=1E-8,"",ABS((G7-H7)/G7))
A8: 45322 | B8: FR | C8: Random walk | D8: 0 | E8: 0 | F8: 7.6 | G8: =D8+F8 | H8: =E8+F8 | I8: =ABS(D8-E8) | J8: =(D8-E8)^2 | K8: =IF(ABS(G8)<=1E-8,"",ABS((G8-H8)/G8))
A9: 45322 | B9: GB | C9: Random walk | D9: 0.1 | E9: 0 | F9: 4.1 | G9: =D9+F9 | H9: =E9+F9 | I9: =ABS(D9-E9) | J9: =(D9-E9)^2 | K9: =IF(ABS(G9)<=1E-8,"",ABS((G9-H9)/G9))
A10: 45322 | B10: IT | C10: Random walk | D10: 0 | E10: 0 | F10: 7.1 | G10: =D10+F10 | H10: =E10+F10 | I10: =ABS(D10-E10) | J10: =(D10-E10)^2 | K10: =IF(ABS(G10)<=1E-8,"",ABS((G10-H10)/G10))
A11: 45322 | B11: JP | C11: Random walk | D11: 0 | E11: 0 | F11: 2.5 | G11: =D11+F11 | H11: =E11+F11 | I11: =ABS(D11-E11) | J11: =(D11-E11)^2 | K11: =IF(ABS(G11)<=1E-8,"",ABS((G11-H11)/G11))
A12: 45322 | B12: KR | C12: Random walk | D12: 0 | E12: 0 | F12: 2.8 | G12: =D12+F12 | H12: =E12+F12 | I12: =ABS(D12-E12) | J12: =(D12-E12)^2 | K12: =IF(ABS(G12)<=1E-8,"",ABS((G12-H12)/G12))
A13: 45322 | B13: US | C13: Random walk | D13: -0.1 | E13: 0 | F13: 3.8 | G13: =D13+F13 | H13: =E13+F13 | I13: =ABS(D13-E13) | J13: =(D13-E13)^2 | K13: =IF(ABS(G13)<=1E-8,"",ABS((G13-H13)/G13))
A14: 45351 | B14: AU | C14: Random walk | D14: -0.351182 | E14: 0 | F14: 4.092523 | G14: =D14+F14 | H14: =E14+F14 | I14: =ABS(D14-E14) | J14: =(D14-E14)^2 | K14: =IF(ABS(G14)<=1E-8,"",ABS((G14-H14)/G14))
A15: 45351 | B15: CA | C15: Random walk | D15: 0.2 | E15: 0 | F15: 5.7 | G15: =D15+F15 | H15: =E15+F15 | I15: =ABS(D15-E15) | J15: =(D15-E15)^2 | K15: =IF(ABS(G15)<=1E-8,"",ABS((G15-H15)/G15))
A16: 45351 | B16: DE | C16: Random walk | D16: 0 | E16: 0 | F16: 3.2 | G16: =D16+F16 | H16: =E16+F16 | I16: =ABS(D16-E16) | J16: =(D16-E16)^2 | K16: =IF(ABS(G16)<=1E-8,"",ABS((G16-H16)/G16))
... A868: 46022 | B868: US | C868: AR(1) | D868: -0.1 | E868: -0.050776269 | F868: 4.5 | G868: =D868+F868 | H868: =E868+F868 | I868: =ABS(D868-E868) | J868: =(D868-E868)^2 | K868: =IF(ABS(G868)<=1E-8,"",ABS((G868-H868)/G868))
